Dataset,N,Horizon,Period,Prophet_RMSE,Prophet_MAE,Prophet_Time,Prophet_RMSE_CI_Lower,Prophet_RMSE_CI_Upper,FS_RMSE,FS_MAE,FS_Time,FS_RMSE_CI_Lower,FS_RMSE_CI_Upper,FS_Ljungbox_pval,FS_Ljungbox_Pass,FS_ACF_Outside_CI_pct,DM_pval,RMSE_Improvement_pct
M4_Hourly,700,140,24,45.01574725451589,35.37876789068173,0.07790660858154297,39.99463319008601,49.60924200359138,53.70494142776922,40.87871023197119,58.89175271987915,46.22401187406591,60.64255312175762,0.7429115577080825,True,0.0,1.866577539200165e-05,-19.30256566468893
Electricity,500,100,7,0.932479493773138,0.8248109622503054,0.061635732650756836,0.8514680841812465,1.016699918009969,0.7629031187473919,0.6568390842424842,4.523435831069946,0.6949725824234199,0.8267613568226534,0.43581455829294624,True,0.0,0.0,18.18553396167253
Bitcoin,366,74,7,11699.289239816422,10334.22221889559,0.047017812728881836,10515.72917646839,12770.697567091072,14619.624803077066,12414.54215943642,0.13796567916870117,13041.077634950942,15957.6343981048,0.999785944119187,True,0.0,0.014887893241539052,-24.961649407912816
COVID19,600,120,7,164747.474655799,158503.4511338302,0.06752634048461914,157619.4003396907,172302.96773316886,25239.25997959803,20832.93269336191,3.4113378524780273,22781.113765832622,27314.773493097164,0.10629194029798993,True,0.0,0.0,84.68003225401208
Airline,144,29,12,41.330541678724785,33.89312807527791,0.03302454948425293,32.378914531712844,49.75966447220391,35.08281305366807,28.5474087597444,0.1938765048980713,26.761042097540827,43.90876505854748,0.8320133763801788,True,0.0,0.1642646194021724,15.116493448409804
