Dataset,N,Horizon,Prophet_RMSE,Prophet_MAE,Prophet_Time,FS_Light_RMSE,FS_Light_MAE,FS_Light_Time,FS_Full_RMSE,FS_Full_MAE,FS_Full_Time,DM_pval
M4_Hourly,400,80,10.763198629941137,10.05941530977881,0.06877517700195312,6.816731385225877,6.115456803786804,86.90666341781616,6.816731385225877,6.115456803786804,87.27972650527954,0.0
Electricity,500,100,3.9593632355724755,3.1813714101736483,0.06053304672241211,3.086803968844304,2.5658046775456835,68.01831030845642,3.086803968844304,2.5658046775456835,67.19120383262634,7.455492682550968e-06
Traffic,300,60,25.611019017009134,20.96614774589221,0.04457402229309082,27.40583190422461,22.72301444572861,2.7885820865631104,27.40583190422461,22.72301444572861,2.8369626998901367,0.3612084998936915
Airline,144,29,41.330541678724785,33.89312807527791,0.034421443939208984,35.08281305366807,28.5474087597444,0.18924927711486816,35.08281305366807,28.5474087597444,0.18680858612060547,0.1642646194021724
Synthetic,400,80,68.24965577411461,44.79263902706289,0.045275211334228516,79.65912112316289,50.31687858438308,8.448678493499756,76.03901991356457,44.677218310103676,173.97310614585876,0.00465068232409549
